
--DATA INSERTION

INSERT INTO AIRPORT VALUES	('SFO', 'San-Francisco-International', 'San-Francisco', 'CA');
INSERT INTO AIRPORT VALUES	('OAK', 'Oakland-International', 'Oakland', 'CA');
INSERT INTO AIRPORT VALUES	('LAS', 'McCarren-International', 'Las-Vegas', 'NV');
INSERT INTO AIRPORT VALUES	('HNL', 'Honolulu-International', 'Honolulu', 'HI');
INSERT INTO AIRPORT VALUES	('JFK', 'John-F-Kennedy-International', 'New-York', 'NY');
INSERT INTO AIRPORT VALUES	('FAT', 'Fresno-Yosemite-International', 'Fresno', 'CA');
INSERT INTO AIRPORT VALUES	('MSY','Louis-Armstrong', 'New-Orleans', 'LA');
INSERT INTO AIRPORT VALUES	('ORD', 'Chicago-OHare-International', 'Chicago', 'IL');
INSERT INTO AIRPORT VALUES	('MDW', 'Midway', 'Chicago', 'IL');
INSERT INTO AIRPORT VALUES	('SMF', 'Sacramento-International', 'Sacramento','CA');
INSERT INTO AIRPORT VALUES	('SCK', 'Stockton-Metropolitan', 'Stockton', 'CA');
INSERT INTO AIRPORT VALUES	('PHX', 'Phoenix-Sky-Harbor', 'Phoenix', 'AZ');
INSERT INTO AIRPORT VALUES	('DEN', 'Denver-Interational', 'Denver', 'CO');
INSERT INTO AIRPORT VALUES	('EWR', 'Newark-International', 'Newark', 'NJ');
INSERT INTO AIRPORT VALUES	('IAH', 'Bush-Intercontinental', 'Houston', 'TX');
INSERT INTO AIRPORT VALUES	('LAX', 'Los-Angeles-International', 'Los-Angeles', 'CA');
INSERT INTO AIRPORT VALUES	('DCA', 'Ronald-Reagan-National','Arlington', 'VA');
INSERT INTO AIRPORT VALUES	('IAD', 'Washington-Dulles-International', 'Dulles', 'VA');
INSERT INTO AIRPORT VALUES	('MSN', 'Dane-County-Regional', 'Madison', 'WI');
INSERT INTO AIRPORT VALUES	('MSP', 'Minneapolis-St-Paul', 'Minneapolis-St-Paul', 'MN');
INSERT INTO AIRPORT VALUES	('SLC', 'Salt-Lake-City-International', 'Salt-Lake-City', 'UT');
INSERT INTO AIRPORT VALUES 	('DFW', 'Dallas-Fort-Worth', 'DFW', 'TX');
INSERT INTO AIRPORT VALUES 	('SAN', 'San-Diego-International', 'San-Diego','CA');
INSERT INTO AIRPORT VALUES 	('IWA', 'Phoenix-Mesa-Gateway', 'Phoenix', 'AZ');
INSERT INTO AIRPORT VALUES	('SJC', 'San-Jose-International', 'San-Jose', 'CA');
INSERT INTO AIRPORT VALUES	('ONT', 'Ontario-International', 'Ontario', 'CA');

INSERT INTO FLIGHT VALUES	('UA560', 'United', 'Yes');
INSERT INTO FLIGHT VALUES	('B6624', 'Jetblue', 'Yes');
INSERT INTO FLIGHT VALUES	('DL5841', 'Delta', 'Yes');
INSERT INTO FLIGHT VALUES	('DL1149', 'Delta', 'Yes');
INSERT INTO FLIGHT VALUES	('G4529', 'Allegiant', 'No');
INSERT INTO FLIGHT VALUES	('G4154', 'Allegiant', 'No');
INSERT INTO FLIGHT VALUES	('G4155', 'Allegiant', 'No');
INSERT INTO FLIGHT VALUES	('HA48', 'Hawaiian', 'No');
INSERT INTO FLIGHT VALUES	('AA1522', 'American', 'Yes');
INSERT INTO FLIGHT VALUES	('AA3472', 'American', 'Yes');
INSERT INTO FLIGHT VALUES	('WN380', 'Southwest', 'Yes');
	
INSERT INTO FLIGHT_LEG VALUES	('G4155', 1, 'SCK', '5:31PM', 'IWA', '8:14PM');
INSERT INTO FLIGHT_LEG VALUES	('G4154', 1, 'IWA', '4:06PM', 'SCK', '4:51PM');
INSERT INTO FLIGHT_LEG VALUES	('DL5841', 1, 'OAK', '12:40PM', 'LAX', '2:00PM');
INSERT INTO FLIGHT_LEG VALUES	('DL1149', 1, 'LAX', '6:45PM', 'HNL', '10:43PM');
INSERT INTO FLIGHT_LEG VALUES	('HA48', 1, 'HNL', '2:15PM', 'OAK', '9:30PM');
INSERT INTO FLIGHT_LEG VALUES	('AA1522', 1, 'SFO', '11:59PM', 'ORD', '6:04AM');
INSERT INTO FLIGHT_LEG VALUES	('AA3472', 1, 'ORD', '7:19AM', 'MSN', '8:19AM');
INSERT INTO FLIGHT_LEG VALUES	('WN380', 1, 'MDW', '7:55AM', 'ONT', '10:10AM');
INSERT INTO FLIGHT_LEG VALUES	('WN380', 2, 'ONT', '10:45AM', 'SMF', '11:45AM');
INSERT INTO FLIGHT_LEG VALUES	('B6624', 1, 'LAX', '9:15PM', 'JFK', '5:22AM');
	
INSERT INTO LEG_INSTANCE VALUES	('G4155', 1, '2018-01-28', 3, 28, 'SCK', '5:35PM', 'IWA', '8:19PM');
INSERT INTO LEG_INSTANCE VALUES	('G4155', 1, '2018-01-31', 16, 28, 'SCK', '5:31PM', 'IWA', '8:13PM');
INSERT INTO LEG_INSTANCE VALUES	('G4154', 1, '2018-02-03', 19, 28, 'SCK', '4:06PM', 'IWA', '4:51PM');
INSERT INTO LEG_INSTANCE VALUES	('DL5841', 1, '2018-02-09', 5, 21, 'OAK', '12:45PM', 'LAX', '2:05PM');
INSERT INTO LEG_INSTANCE VALUES	('DL1149', 1, '2018-02-09', 20, 13, 'LAX', '6:45PM', 'HNL', '10:43PM');
INSERT INTO LEG_INSTANCE VALUES	('HA48', 1, '2018-02-24', 10, 30, 'HNL', '2:15PM', 'OAK', '9:10PM');
INSERT INTO LEG_INSTANCE VALUES	('AA1522', 1, '2018-08-05', 70, 9, 'SFO', '12:05AM', 'ORD', '6:04AM');
INSERT INTO LEG_INSTANCE VALUES	('AA3472', 1, '2018-08-05', 15, 18, 'ORD', '7:19AM', 'MSN', '8:19AM');
INSERT INTO LEG_INSTANCE VALUES	('WN380', 1, '2018-08-05', 130, 10, 'MDW', '7:55AM', 'ONT', '10:10AM');
INSERT INTO LEG_INSTANCE VALUES	('WN380', 2, '2018-08-05', 130, 10, 'ONT', '10:45AM', 'SMF', '11:45AM');
INSERT INTO LEG_INSTANCE VALUES	('B6624', 1, '2018-02-09', 100, 1, 'LAX', '9:15PM', 'JFK', '5:22AM');
	
INSERT INTO FARE VALUES	('UA560', 'L', 350, 'No');
INSERT INTO FARE VALUES	('G4154', 'Y', 106, 'No');
INSERT INTO FARE VALUES	('G4155', 'Y', 142, 'No');
INSERT INTO FARE VALUES	('DL5841', 'Y', 100, 'Yes');
INSERT INTO FARE VALUES	('DL1149', 'B', 500, 'Yes');
INSERT INTO FARE VALUES	('HA48', 'F', 1000, 'Yes');
INSERT INTO FARE VALUES	('AA1522', 'Y', 250, 'No');
INSERT INTO FARE VALUES	('AA3472', 'Y', 150, 'Yes');
INSERT INTO FARE VALUES	('WN380', 'Y', 256, 'No');
INSERT INTO FARE VALUES	('B6624', 'Y', 98, 'No');

INSERT INTO AIRPLANE_TYPE VALUES	('A320', 180, 'Airbus');
INSERT INTO AIRPLANE_TYPE VALUES	('A319', 156, 'Airbus');
INSERT INTO AIRPLANE_TYPE VALUES	('A321', 236, 'Airbus');
INSERT INTO AIRPLANE_TYPE VALUES	('A332', 200, 'Airbus');
INSERT INTO AIRPLANE_TYPE VALUES	('707', 189, 'Boeing');
INSERT INTO AIRPLANE_TYPE VALUES	('737', 124, 'Boeing');
INSERT INTO AIRPLANE_TYPE VALUES	('747', 550, 'Boeing');
INSERT INTO AIRPLANE_TYPE VALUES	('757', 228, 'Boeing');
INSERT INTO AIRPLANE_TYPE VALUES	('727', 189, 'Boeing');
INSERT INTO AIRPLANE_TYPE VALUES	('767', 290, 'Boeing');
INSERT INTO AIRPLANE_TYPE VALUES	('777', 440, 'Boeing');
INSERT INTO AIRPLANE_TYPE VALUES	('787', 323, 'Boeing');
INSERT INTO AIRPLANE_TYPE VALUES	('ERJ145', 50, 'Embraer');
INSERT INTO AIRPLANE_TYPE VALUES	('190', 114, 'Embraer');
INSERT INTO AIRPLANE_TYPE VALUES	('170', 80, 'Embraer');
INSERT INTO AIRPLANE_TYPE VALUES	('CRJ440', 44, 'Bombardier');
INSERT INTO AIRPLANE_TYPE VALUES	('CRJ100', 50, 'Bombardier');
INSERT INTO AIRPLANE_TYPE VALUES	('CRJ700', 78, 'Bombardier');
INSERT INTO AIRPLANE_TYPE VALUES	('MD80', 166, 'McDonnell-Douglas');

INSERT INTO CAN_LAND VALUES	('MD80', 'SCK');
INSERT INTO CAN_LAND VALUES	('MD80', 'SAN');
INSERT INTO CAN_LAND VALUES	('MD80', 'IWA');
INSERT INTO CAN_LAND VALUES	('MD80', 'LAS');
INSERT INTO CAN_LAND VALUES	('ERJ145', 'IWA');
INSERT INTO CAN_LAND VALUES	('ERJ145', 'FAT');
INSERT INTO CAN_LAND VALUES	('ERJ145', 'ORD');
INSERT INTO CAN_LAND VALUES	('ERJ145', 'MSN');
INSERT INTO CAN_LAND VALUES	('CRJ440', 'MSN');
INSERT INTO CAN_LAND VALUES	('CRJ440', 'MSP');
INSERT INTO CAN_LAND VALUES	('CRJ100', 'MSN');
INSERT INTO CAN_LAND VALUES	('CRJ100', 'MSP');
INSERT INTO CAN_LAND VALUES	('CRJ700', 'MSN');
INSERT INTO CAN_LAND VALUES	('CRJ700', 'SLC');
INSERT INTO CAN_LAND VALUES	('CRJ700', 'ORD');
INSERT INTO CAN_LAND VALUES	('170', 'OAK');
INSERT INTO CAN_LAND VALUES	('170', 'LAX');
INSERT INTO CAN_LAND VALUES	('190', 'SLC');
INSERT INTO CAN_LAND VALUES	('190', 'OAK');
INSERT INTO CAN_LAND VALUES	('707', 'HNL');
INSERT INTO CAN_LAND VALUES	('707', 'OAK');
INSERT INTO CAN_LAND VALUES	('707', 'MDW');
INSERT INTO CAN_LAND VALUES	('707', 'SJC');
INSERT INTO CAN_LAND VALUES	('727', 'SMF');
INSERT INTO CAN_LAND VALUES	('727', 'SJC');
INSERT INTO CAN_LAND VALUES	('727', 'LAX');
INSERT INTO CAN_LAND VALUES	('737', 'OAK');
INSERT INTO CAN_LAND VALUES	('737', 'SFO');
INSERT INTO CAN_LAND VALUES	('737', 'ORD');
INSERT INTO CAN_LAND VALUES	('737', 'MDW');
INSERT INTO CAN_LAND VALUES	('737', 'ONT');
INSERT INTO CAN_LAND VALUES	('737', 'SMF');
INSERT INTO CAN_LAND VALUES	('737', 'SJC');
INSERT INTO CAN_LAND VALUES	('737', 'SAN');
INSERT INTO CAN_LAND VALUES	('737', 'LAS');
INSERT INTO CAN_LAND VALUES	('747', 'SFO');
INSERT INTO CAN_LAND VALUES	('747', 'JFK');
INSERT INTO CAN_LAND VALUES	('747', 'JFK');
INSERT INTO CAN_LAND VALUES	('747', 'MSP');
INSERT INTO CAN_LAND VALUES	('747', 'DEN');
INSERT INTO CAN_LAND VALUES	('757', 'LAS');
INSERT INTO CAN_LAND VALUES	('757', 'PHX');
INSERT INTO CAN_LAND VALUES	('757', 'DCA');
INSERT INTO CAN_LAND VALUES	('757', 'LAX');
INSERT INTO CAN_LAND VALUES	('757', 'HNL');
INSERT INTO CAN_LAND VALUES	('777', 'ORD');
INSERT INTO CAN_LAND VALUES	('777', 'LAX');
INSERT INTO CAN_LAND VALUES	('777', 'IAD');
INSERT INTO CAN_LAND VALUES	('787', 'IAH');
INSERT INTO CAN_LAND VALUES	('787', 'JFK');
INSERT INTO CAN_LAND VALUES	('787', 'EWR');
INSERT INTO CAN_LAND VALUES	('A321', 'DFW');
INSERT INTO CAN_LAND VALUES	('A321', 'DEN');
INSERT INTO CAN_LAND VALUES	('A332', 'OAK');
INSERT INTO CAN_LAND VALUES	('A332', 'HNL');
INSERT INTO CAN_LAND VALUES	('A320', 'JFK');
INSERT INTO CAN_LAND VALUES	('A320', 'LAX');
INSERT INTO CAN_LAND VALUES	('A320', 'IAH');
INSERT INTO CAN_LAND VALUES	('A319', 'SLC');
INSERT INTO CAN_LAND VALUES	('A319', 'PHX');
INSERT INTO CAN_LAND VALUES	('A319', 'MSP');
INSERT INTO CAN_LAND VALUES	('A319', 'SFO');
INSERT INTO CAN_LAND VALUES	('A319', 'MDW');

INSERT INTO AIRPLANE VALUES	(1, 180, 'A320');
INSERT INTO AIRPLANE VALUES	(2, 175, 'A320');
INSERT INTO AIRPLANE VALUES	(3, 156, 'A319');
INSERT INTO AIRPLANE VALUES	(4, 150, 'A319');
INSERT INTO AIRPLANE VALUES	(5, 145, 'A319');
INSERT INTO AIRPLANE VALUES	(6, 188, '707');
INSERT INTO AIRPLANE VALUES	(7, 187, '707');
INSERT INTO AIRPLANE VALUES	(8, 124, '727');
INSERT INTO AIRPLANE VALUES	(9, 123, '737');
INSERT INTO AIRPLANE VALUES	(10, 120, '737');
INSERT INTO AIRPLANE VALUES	(11, 550, '747');
INSERT INTO AIRPLANE VALUES	(12, 500, '747');
INSERT INTO AIRPLANE VALUES	(13, 225, '757');
INSERT INTO AIRPLANE VALUES	(14, 290, '767');
INSERT INTO AIRPLANE VALUES	(15, 285, '767');
INSERT INTO AIRPLANE VALUES	(16, 440, '777');
INSERT INTO AIRPLANE VALUES	(17, 323, '787');
INSERT INTO AIRPLANE VALUES	(18, 50, 'ERJ145');
INSERT INTO AIRPLANE VALUES	(19, 50, 'ERJ145');
INSERT INTO AIRPLANE VALUES	(20, 110, '190');
INSERT INTO AIRPLANE VALUES	(21, 80, '170');
INSERT INTO AIRPLANE VALUES	(22, 44, 'CRJ440');
INSERT INTO AIRPLANE VALUES	(23, 40, 'CRJ440');
INSERT INTO AIRPLANE VALUES	(24, 50, 'CRJ100');
INSERT INTO AIRPLANE VALUES	(25, 70, 'CRJ700');
INSERT INTO AIRPLANE VALUES	(26, 75, 'CRJ700');
INSERT INTO AIRPLANE VALUES	(27, 77, 'CRJ700');
INSERT INTO AIRPLANE VALUES	(28, 166, 'MD80');
INSERT INTO AIRPLANE VALUES	(29, 200, 'A321');
INSERT INTO AIRPLANE VALUES	(30, 180, 'A332');

INSERT INTO SEAT_RESERVATION VALUES	('G4155', 1, '2018-01-28', '1A', 'Osvaldo', '555-55-5555');
INSERT INTO SEAT_RESERVATION VALUES	('G4155', 1, '2018-01-28', '2A', 'Deana', '867-5309');
INSERT INTO SEAT_RESERVATION VALUES	('G4154', 1, '2018-02-03', '1A', 'Mike', '555-5309');--Wrong date (wasnt available in leg instance)
INSERT INTO SEAT_RESERVATION VALUES	('G4154', 1, '2018-02-03', '11A', 'Dan', '555-0000');--
INSERT INTO SEAT_RESERVATION VALUES	('G4154', 1, '2018-02-03', '3A', 'Ryan', '555-0001');--
INSERT INTO SEAT_RESERVATION VALUES	('DL1149', 1, '2018-02-09', '17A', 'Mark', '555-0002');
INSERT INTO SEAT_RESERVATION VALUES	('DL5841', 1, '2018-02-09', '7A', 'Edgar', '555-0003'); 
INSERT INTO SEAT_RESERVATION VALUES	('DL1149', 1, '2018-02-09', '11B', 'Naomi', '555-0004');
INSERT INTO SEAT_RESERVATION VALUES	('DL5841', 1, '2018-02-09', '7F', 'Mitchell', '555-0005');
INSERT INTO SEAT_RESERVATION VALUES	('DL5841', 1, '2018-02-09', '7D', 'KC', '555-0006'); 
INSERT INTO SEAT_RESERVATION VALUES	('DL5841', 1, '2018-02-09', '7C', 'Jillian', '555-0007');
INSERT INTO SEAT_RESERVATION VALUES	('DL1149', 1, '2018-02-09', '8A', 'Carissa', '555-0008');
INSERT INTO SEAT_RESERVATION VALUES	('HA48', 1, '2018-02-24', '7E', 'Clement', '555-0009');
INSERT INTO SEAT_RESERVATION VALUES	('HA48', 1, '2018-02-24', '10A', 'John', '555-0010');
INSERT INTO SEAT_RESERVATION VALUES	('HA48', 1, '2018-02-24', '13A', 'Sahib', '555-0011');
INSERT INTO SEAT_RESERVATION VALUES	('HA48', 1, '2018-02-24', '1E', 'Alex', '555-0012');
INSERT INTO SEAT_RESERVATION VALUES	('HA48', 1, '2018-02-24', '14A', 'KH', '555-0013');
INSERT INTO SEAT_RESERVATION VALUES	('HA48', 1, '2018-02-24', '15E', 'Lisa', '555-0014');
INSERT INTO SEAT_RESERVATION VALUES	('HA48', 1, '2018-02-24', '6A', 'Kyla', '555-0015');
INSERT INTO SEAT_RESERVATION VALUES	('AA1522', 1,'2018-08-05', '6A', 'Dorothy', '555-0016');
INSERT INTO SEAT_RESERVATION VALUES	('AA1522', 1,'2018-08-05', '7E', 'Max', '555-0017');
INSERT INTO SEAT_RESERVATION VALUES	('B6624', 1, '2018-02-09', '2A', 'Jillian', '555-0018');
INSERT INTO SEAT_RESERVATION VALUES	('AA1522', 1, '2018-08-05', '7F', 'Michael', '555-0019');
INSERT INTO SEAT_RESERVATION VALUES	('AA1522', 1, '2018-08-05', '13A', 'Lisa', '555-0020');
INSERT INTO SEAT_RESERVATION VALUES	('B6624', 1, '2018-02-09', '7D', 'Drew', '555-0021');
--INSERT INTO SEAT_RESERVATION VALUES	('AA1522', 1, '2018-08-05', '7F', 'An', '555-0022'); value repeated
INSERT INTO SEAT_RESERVATION VALUES	('AA3472', 1, '2018-08-05', '1A', 'Edgar', '555-0023');
INSERT INTO SEAT_RESERVATION VALUES	('B6624', 1, '2018-02-09', '7B', 'Jeremy', '555-0024');
INSERT INTO SEAT_RESERVATION VALUES	('AA3472', 1, '2018-08-05', '6A', 'KH', '555-0025');
INSERT INTO SEAT_RESERVATION VALUES	('B6624', 1, '2018-02-09', '7C', 'Katya', '555-0026');
INSERT INTO SEAT_RESERVATION VALUES	('AA3472', 1, '2018-08-05', '7A', 'Alicia', '555-0027');
INSERT INTO SEAT_RESERVATION VALUES	('B6624', 1, '2018-02-09', '3D', 'Hillary', '555-0028');
INSERT INTO SEAT_RESERVATION VALUES	('AA3472', 1, '2018-08-05', '7E', 'Antonio', '555-0029');
INSERT INTO SEAT_RESERVATION VALUES	('AA3472', 1, '2018-08-05', '2B', 'Jaskaran', '555-0030');
INSERT INTO SEAT_RESERVATION VALUES	('WN380', 1, '2018-08-05', '7C', 'Tom', '555-0031');
INSERT INTO SEAT_RESERVATION VALUES	('WN380', 1, '2018-08-05', '7A', 'Norlan', '555-0032');
INSERT INTO SEAT_RESERVATION VALUES	('WN380', 1, '2018-08-05', '9B', 'Ryan', '555-0033');
INSERT INTO SEAT_RESERVATION VALUES	('WN380', 1, '2018-08-05', '8A', 'Naomi', '555-0034');
INSERT INTO SEAT_RESERVATION VALUES	('WN380', 1, '2018-08-05', '7F', ' Mitchell','555-0035');
INSERT INTO SEAT_RESERVATION VALUES	('WN380', 1, '2018-08-05', '8F', 'Clement', '555-0036');
INSERT INTO SEAT_RESERVATION VALUES	('WN380', 1, '2018-08-05', '23D', 'Danilo', '555-0037');
INSERT INTO SEAT_RESERVATION VALUES	('WN380', 1, '2018-08-05', '19A', 'Sahib', '555-0038');
INSERT INTO SEAT_RESERVATION VALUES	('WN380', 1, '2018-08-05', '7E', 'Alex', '555-0039');
INSERT INTO SEAT_RESERVATION VALUES	('WN380', 1, '2018-08-05', '9A', 'KC', '555-0040');
INSERT INTO SEAT_RESERVATION VALUES	('WN380', 1, '2018-08-05', '7B', 'Kyla', '555-0041'); 
INSERT INTO SEAT_RESERVATION VALUES	('WN380', 2, '2018-08-05', '10C', 'Drew', '555-0042');
